starting_price_time,starting_price,highest_price_time,highest_price,time_to_highest,percentage_change,token,token_name,signal_name
2024-08-01 20:57:00 UTC,3.0443242263033617e-06,2024-08-01 21:31:00 UTC,4.9978226618324415e-05,0 days 00:34:00,1541.685408751997,https://birdeye.so/token/HKbDDHfJnJu2RSXofywmsDKFnWRGjnq8qgfd5VthJ7Rp?chain=solana,GELATO,a7
2024-08-01 17:25:00 UTC,2554461.1999999997,2024-08-01 23:58:00 UTC,40509256.698805146,0 days 06:33:00,1485.8239185157772,https://birdeye.so/token/8J9cm9qmWL7Hmw7T4fQeeXnsda68L9BK5nA6hvaLR5RR?chain=solana,Typical man from Cardiff,a2
2024-08-01 12:07:00 UTC,3079423.357769507,2024-08-01 23:17:00 UTC,41201481.23979212,0 days 11:10:00,1237.9609249192438,https://birdeye.so/token/D6DTFTNFyojD82ZaukWL7czBJavTHHJAWDL5mMb7oTqF?chain=solana,marmsy,a2
2024-08-01 09:56:00 UTC,2585922.9968481897,2024-08-01 22:33:00 UTC,26887068.492331482,0 days 12:37:00,939.7474528476815,https://birdeye.so/token/4VEaNnKV5fHW7UrKfpUkxnb4fGf5r9aL4Zqh2tuWw7Vr?chain=solana,sounds good,a2
2024-08-01 16:56:00 UTC,2425150.5507109878,2024-08-01 21:48:00 UTC,22687264.940474838,0 days 04:52:00,835.4992387513242,https://birdeye.so/token/1XcGfhPZ1qAHV2M5oaqyXScyuMaB6Wn6erNtXUfwboq?chain=solana,Anonymus,a9
2024-08-01 05:47:00 UTC,2778960.6134593887,2024-08-01 21:37:00 UTC,25217006.92991847,0 days 15:50:00,807.4258486350794,https://birdeye.so/token/9Ea8zQ32fxZ6LyfwuAYsT6AdUGVKfU9NDuobWi3Z97wh?chain=solana,CTO ME,a8
2024-08-01 19:49:00 UTC,3200910.1302285716,2024-08-01 22:59:00 UTC,23576823.264990725,0 days 03:10:00,636.5662360319733,https://birdeye.so/token/31BTwvf3ifF3soQ1TgRdNx6m6ezMg6z4LFZFJuuePb8W?chain=solana,WASTED,a8
2024-08-01 23:33:00 UTC,2827798.6610796466,2024-08-02 00:00:00 UTC,16668337.35964831,0 days 00:27:00,489.4456910621911,https://birdeye.so/token/FRG3cUq6MqCkdwCr333s6nsWeCxDvBNMdzvUccqAwNvd?chain=solana,CAN DEV DO SOMETHING?,a2
2024-08-01 18:31:00 UTC,6872198.98989899,2024-08-01 19:53:00 UTC,40341241.490591496,0 days 01:22:00,487.0208582418311,https://birdeye.so/token/7PVsbBvanDFV9RPsp41tGmry4dWk1k7LPavyckjifRY5?chain=solana,CHIN,a10
2024-08-01 06:29:00 UTC,2.7758502881983483e-07,2024-08-01 11:25:00 UTC,1.165963003415804e-06,0 days 04:56:00,320.0381441221624,https://birdeye.so/token/Bwh19rkKNHDMNZPNn1bMBZ5EMC4rNQE3BrxnGJLnb85g?chain=solana,here come dat boi,a9
2024-08-01 01:37:00 UTC,2965558.9470387,2024-08-01 13:36:00 UTC,12017547.48476995,0 days 11:59:00,305.2371812325713,https://birdeye.so/token/J6msGTsBA5cMgQf5wXgUNuPJ4EaTgW6PX7RjaXFJPkdJ?chain=solana,Bonita,a2
2024-08-01 19:12:00 UTC,2862380.744959985,2024-08-01 23:57:00 UTC,9784554.945963595,0 days 04:45:00,241.83275454154787,https://birdeye.so/token/H1feuqvaTC8xL5hCpmsyU7QwUaWAQxjhBCaSigozLuhB?chain=solana,chocolate,a4
2024-08-01 13:33:00 UTC,1566776.5362624389,2024-08-01 19:33:00 UTC,4917157.742193431,0 days 06:00:00,213.8391230904798,https://birdeye.so/token/BLq6ZWEcWKyd1V9rtTHepLgHbxyhhPccYtgFaMMcHX6o?chain=solana,Kozue,a3
2024-08-01 22:38:00 UTC,246945.86949637718,2024-08-01 23:22:00 UTC,753321.0913401447,0 days 00:44:00,205.05514948537999,https://birdeye.so/token/epq8j4uxZXzmxCTAoACcTfe4bML6hmLWyDuKQQDd5Y7?chain=solana,pickle,a11
2024-08-01 14:35:00 UTC,2121660.5007373933,2024-08-01 20:21:00 UTC,6399904.60531078,0 days 05:46:00,201.6460269249704,https://birdeye.so/token/AMfH4PUvx6C9z3V6UGifE2D7dNaYmLyUzj3Huc43NRLS?chain=solana,ALPHA,a9
2024-08-01 22:18:00 UTC,2041977.5899133242,2024-08-01 23:26:00 UTC,5833685.186104,0 days 01:08:00,185.6880121956491,https://birdeye.so/token/BYPAfHJRQRzUwFJSUCT38TYW96GoUjR8gfdEcZDBF9HU?chain=solana,Onigiri Cat „Åä„Å´„Åé„Çä,a9
2024-08-01 03:00:00 UTC,5849231.8788315,2024-08-01 17:36:00 UTC,16524683.592904152,0 days 14:36:00,182.51031819592157,https://birdeye.so/token/DA43BBKGAN24upptrDLiWZjW3C7L1Y7c2yxdhr27WMLu?chain=solana,Invisible Dog,a9
2024-08-01 18:13:00 UTC,2577536.82128,2024-08-01 23:32:00 UTC,7065761.780135862,0 days 05:19:00,174.1284516985879,https://birdeye.so/token/BSE8uqjvS9DbBh9cKjEzQZc94FCysMqXmhGU6qXQSWDk?chain=solana,Pwop,a2
2024-08-01 11:42:00 UTC,6.641463576036333e-08,2024-08-01 12:32:00 UTC,1.810756032720437e-07,0 days 00:50:00,172.6441261010585,https://birdeye.so/token/4ZcGugGhYAM1ToLNingKJEykBzZFXx2p8kiyKzYhwDuH?chain=solana,NEIGHBOR BORIS,a7
2024-08-01 20:32:00 UTC,3516048.4462495246,2024-08-01 23:36:00 UTC,9554733.082072012,0 days 03:04:00,171.746343320832,https://birdeye.so/token/5vZopKDHWB43gEkoJzsDnKSkyoVoMYtYkKiNPwjLseA1?chain=solana,Mountain Jew,a2
2024-08-01 00:01:00 UTC,16290685.076184787,2024-08-01 16:19:00 UTC,42773857.916960545,0 days 16:18:00,162.56635443460436,https://birdeye.so/token/FjHzt7DR58b17GCq8ob33hcMTjuLvMpESi1VcLGER9VZ?chain=solana,Chad Jumbo,a1
2024-08-01 10:45:00 UTC,1417282.4751199998,2024-08-01 23:40:00 UTC,3653255.450276412,0 days 12:55:00,157.7648079623009,https://birdeye.so/token/CwzaPNXdt647KCej1ExuK98TeFWMXDV3qbjijQ3Ywew2?chain=solana,i want it more,a9
2024-08-01 18:13:00 UTC,11080405.580108596,2024-08-01 23:20:00 UTC,27472381.977472614,0 days 05:07:00,147.9366100713018,https://birdeye.so/token/GuR6azV3i6vQP5Njw3fkxecNZf4XuY5UNd6uwGzAx6tJ?chain=solana,Marutaro,a1
2024-08-01 20:23:00 UTC,11880391.86941568,2024-08-02 00:00:00 UTC,29250052.91918499,0 days 03:37:00,146.20444544834373,https://birdeye.so/token/3YDCrwjNAErHHh5D2Vst9Q13Wf22zyW9JFJe9DrsbDkC?chain=solana,DREAM,a1
2024-08-01 01:23:00 UTC,8640053.912297962,2024-08-01 04:38:00 UTC,21000690.401299715,0 days 03:15:00,143.0620296409035,https://birdeye.so/token/458JyuAn2N5ZBQXgpYMRBXhyyrUWYCTcSJnmi8r8iQFh?chain=solana,YAWN,a8
2024-08-01 12:04:00 UTC,1722092.0076222222,2024-08-01 19:06:00 UTC,4165191.3438318516,0 days 07:02:00,141.8681072437551,https://birdeye.so/token/7p2yZW7rPVqQ98aHruSmKJT8GSHZP1fGwYPPkDvBDCzq?chain=solana,FLOG,a9
2024-08-01 18:46:00 UTC,11343036.099657506,2024-08-01 23:45:00 UTC,26579353.488733828,0 days 04:59:00,134.32309705455643,https://birdeye.so/token/2QMDdKZcBg7EtGaKKMmmYKQEnHZ9snqnSQXHEMjp8rMV?chain=solana,Moya,a6
2024-08-01 13:44:00 UTC,2764782.610512,2024-08-01 22:43:00 UTC,6378469.717399632,0 days 08:59:00,130.70420412614016,https://birdeye.so/token/91uDrm6g48VWGHGEB8fcBDaMn8bfAWjQn8swrSbbmpBQ?chain=solana,WIN,a8
2024-08-01 14:45:00 UTC,3905946.714242424,2024-08-01 21:56:00 UTC,8972654.215409722,0 days 07:11:00,129.7177834682778,https://birdeye.so/token/6c3x2PqGLHRL79bvM2xXc4pHvc6LMF1wbS3fcx9FUegq?chain=solana,Cabbage Dog,a9
2024-08-01 12:58:00 UTC,6435064.234069798,2024-08-01 22:28:00 UTC,14491249.165175576,0 days 09:30:00,125.19198935813445,https://birdeye.so/token/GzRPiMRX49trjEo2oCMz1sR4ZaXcxq7nghS63jc5KhZ2?chain=solana,UKYO,a9
2024-08-01 21:26:00 UTC,2.9494275531548757e-08,2024-08-01 22:57:00 UTC,6.628552417753741e-08,0 days 01:31:00,124.74030293313916,https://birdeye.so/token/99aQ4GNVhkD8JmymuWE1REL5eXN6KX1wRhG7K1FBX9Zs?chain=solana,trader,a7
2024-08-01 04:33:00 UTC,5440581.741008707,2024-08-01 21:11:00 UTC,12040336.909228265,0 days 16:38:00,121.30605663864054,https://birdeye.so/token/7tQotmXH2Ddra2P3vatsbVi4ScGrEEZgqx778ajPTrYc?chain=solana,Taisho,a9
2024-08-01 04:59:00 UTC,10980782.222735344,2024-08-01 21:06:00 UTC,24205515.577089686,0 days 16:07:00,120.43525758094877,https://birdeye.so/token/7b8akcrsUC4YEtoVEXDA7eoRJ7TACmjvb846bG6KLYpn?chain=solana,interlinked,a1
2024-08-01 08:48:00 UTC,5608404.804169999,2024-08-01 17:02:00 UTC,12257936.4965,0 days 08:14:00,118.5636901135577,https://birdeye.so/token/CgusaN8Cvcw1u6hnwvu1vzF433m91iCy8b9E8vcQceKY?chain=solana,WOW Doge,a9
2024-08-01 23:34:00 UTC,7.964289764596741e-08,2024-08-01 23:43:00 UTC,1.7211918155893068e-07,0 days 00:09:00,116.11366066066992,https://birdeye.so/token/AbhJrKw1D3RUNBcZnLwkcxxY7qoB8fpNHLkmWf1nYr1z?chain=solana,DUMBLEDORE,a4
2024-08-01 07:24:00 UTC,10514040.347405849,2024-08-01 23:42:00 UTC,22649697.788052734,0 days 16:18:00,115.42334858588536,https://birdeye.so/token/DM1PD3iVkxfFNuftzUKA4YWfwXxdqLPVf7jMRYwXQ3ex?chain=solana,Retardium,a9
2024-08-01 20:43:00 UTC,4636298.126152312,2024-08-01 22:43:00 UTC,9956193.830000002,0 days 02:00:00,114.74446981395259,https://birdeye.so/token/BytGayj533YiHcA7bVKHet79yvozw5YejYUR5omS45zg?chain=solana,selfiecat,a9
2024-08-01 01:41:00 UTC,5200282.00319383,2024-08-01 17:18:00 UTC,11099494.282572292,0 days 15:37:00,113.44023796700588,https://birdeye.so/token/Hi2AK8qFdU4BKiaGk2GJdyjwPnmQWNvo93g29GhgJ6Vw?chain=solana,Jewifhat,a9
2024-08-01 09:22:00 UTC,3581343.0320099997,2024-08-01 18:01:00 UTC,7511442.224269301,0 days 08:39:00,109.73813893648621,https://birdeye.so/token/6hUYRYwRiequWu1B99wN8GVwAX6KFL2Coy4k9FAJEFWX?chain=solana,Ginnan Doge's Brother,a9
2024-08-01 23:44:00 UTC,1658167.8493944376,2024-08-01 23:58:00 UTC,3472955.704578,0 days 00:14:00,109.44536500610131,https://birdeye.so/token/DQcWFqihtF8UHhSeemWbmmH2B3NHDNF1yvshkrtguo3B?chain=solana,Transem,a9
2024-08-01 14:17:00 UTC,12967439.1286,2024-08-01 16:32:00 UTC,27035881.672566753,0 days 02:15:00,108.49052310520173,https://birdeye.so/token/HsKyPyhx3tHWWJquYh1aiEBrJwksao2bBmMuaUqypw2a?chain=solana,Atsuko Sato,a7
2024-08-01 01:57:00 UTC,10764313.976344565,2024-08-01 15:59:00 UTC,22207848.012079008,0 days 14:02:00,106.3099242634739,https://birdeye.so/token/2Wi5QtCuKsv3GihAN1UpcVes191CEXrSgXHFa1fV5nYE?chain=solana,BITCOIN SNEAKERS,a8
2024-08-01 06:41:00 UTC,3.224445682667049e-05,2024-08-01 07:05:00 UTC,6.588976831523395e-05,0 days 00:24:00,104.34448212113865,https://birdeye.so/token/3pzGWrWusC5d92pbJQLtWLqxNYrQ86JkBf2oV3Fh4DPD?chain=solana,Community take over,a7
2024-08-01 05:49:00 UTC,6047853.044022,2024-08-01 21:01:00 UTC,12320434.993692664,0 days 15:12:00,103.71584600374504,https://birdeye.so/token/4u6JgvjVCSDjNMSkLcT91iEwNfW2XpNhoFVsbJg71Hca?chain=solana,CTO,a9
2024-08-01 10:36:00 UTC,1.4405270539229326e-08,2024-08-01 14:50:00 UTC,2.9239174803705045e-08,0 days 04:14:00,102.97553401776878,https://birdeye.so/token/BGRHddtmCsittQg7MdixuxixcbEP4XLChaJpn4sTLj4d?chain=solana,Elect Pepe,a6
2024-08-01 16:51:00 UTC,3123119.800610732,2024-08-01 17:02:00 UTC,6337846.60593475,0 days 00:11:00,102.933188944445,https://birdeye.so/token/LPTEF88uszsvwBG81e4ap3adp64773mrCyBMi5nK6RK?chain=solana,WHITE DUDES FOR HARRIS,a8
2024-08-01 17:13:00 UTC,9843020.34118553,2024-08-01 23:50:00 UTC,19646815.920899965,0 days 06:37:00,99.60149669398761,https://birdeye.so/token/J8WrqrTr2kvkfaFUPRTbdRA4jg299GZqLvNAqEbfWnnh?chain=solana,biri,a1
2024-08-01 15:44:00 UTC,4812460.801704826,2024-08-01 23:54:00 UTC,9531174.55850529,0 days 08:10:00,98.05199358982513,https://birdeye.so/token/J9XbB7drGWYs8Ugidkgw1Q5zzRb8wuV74PZasbss7Fid?chain=solana,inshallah,a9
2024-08-01 18:24:00 UTC,12820100.308028273,2024-08-01 23:52:00 UTC,24954855.04110289,0 days 05:28:00,94.6541325068691,https://birdeye.so/token/7GjNiMqHYsBh4zJR5iPgDwoPGh4D8ccmhavXJjQe3YyZ?chain=solana,sir,a1
2024-08-01 16:55:00 UTC,6974694.436053872,2024-08-01 20:23:00 UTC,13565190.314185912,0 days 03:28:00,94.4915356300655,https://birdeye.so/token/3BUheRHuXEAcU8pDdrXm9c4PaSitqQwGTZhCkbQ2kZrj?chain=solana,ball,a10
2024-08-01 21:58:00 UTC,3200081.3403679887,2024-08-01 23:47:00 UTC,6143938.3823632905,0 days 01:49:00,91.99319419976922,https://birdeye.so/token/HT5rmAJRCzwqTzFce9kViWeHdGFdSz63sNmuUSsBjthp?chain=solana,bill,a8
2024-08-01 23:11:00 UTC,35111990.110237256,2024-08-01 23:59:00 UTC,67083665.93636844,0 days 00:48:00,91.05629081619479,https://birdeye.so/token/5CSVAGyuiCBThDNo4uVEoo8X8N6TbJM1eTw43o8FBBoa?chain=solana,DOBBY,a7
2024-08-01 21:23:00 UTC,8824750.180168,2024-08-01 22:58:00 UTC,16782266.83792558,0 days 01:35:00,90.17271305470645,https://birdeye.so/token/D1C8ioQHUxDPYKTd5dZbSbvRSfWLULkbaYZ3quRqZGZu?chain=solana,Onigiri,a9
2024-08-01 16:11:00 UTC,10114728.59658839,2024-08-01 23:22:00 UTC,19227634.284702767,0 days 07:11:00,90.09540494431143,https://birdeye.so/token/5MrBy5o57W8KeQXXo4gUudnEJ9idNM1rR3qYGHJ1NtD?chain=solana,Gwilla,a8
2024-08-01 16:44:00 UTC,737584.9844892647,2024-08-01 21:54:00 UTC,1399147.337576339,0 days 05:10:00,89.69303429423368,https://birdeye.so/token/5Q5WExqZabojFuKqU48YHM9ChyUNFdxRvvuUoA7WK2H3?chain=solana,NITRO,a2
2024-08-01 18:13:00 UTC,4568704.593951515,2024-08-01 23:03:00 UTC,8657775.549603943,0 days 04:50:00,89.50175857432167,https://birdeye.so/token/FSntLPyMFMCfQYcmPNXEydEbXvE8GKERMuKPNs7ukSL8?chain=solana,‚Äå‚Äé,a9
2024-08-01 17:36:00 UTC,6959064.697799999,2024-08-01 23:50:00 UTC,13156551.146319946,0 days 06:14:00,89.05631313471171,https://birdeye.so/token/HvDqbjq6uKjUxvtxoXJe2PcSBRW9cZgr4FUQb9zUxUh3?chain=solana,Trans Gorlock the Final Boss,a8
2024-08-01 21:07:00 UTC,7388395.32655287,2024-08-01 23:47:00 UTC,13917721.812479809,0 days 02:40:00,88.37272773509349,https://birdeye.so/token/2voxo7ckspyq8E1gPwymriqn2ABFbmTtwUPYZrAi1yqS?chain=solana,Kai,a8
2024-08-01 17:23:00 UTC,4103696.99668,2024-08-01 22:08:00 UTC,7697675.94887876,0 days 04:45:00,87.57905262270546,https://birdeye.so/token/66gmD8gvb28BNoQhVmVmQcqjB9TdPfrgQNHTxPWaFk55?chain=solana,MchanceHistoricalToken,a9
2024-08-01 18:59:00 UTC,2622892.274878075,2024-08-01 21:05:00 UTC,4879113.155095304,0 days 02:06:00,86.02034104973335,https://birdeye.so/token/53GUUE9ejYZhR9uezEtJ5t34g3pyzcW5pD7bbaSTJTZj?chain=solana,Angela Carini,a2
2024-08-01 13:33:00 UTC,2498200.5154696135,2024-08-01 15:22:00 UTC,4590809.220524016,0 days 01:49:00,83.76464147278556,https://birdeye.so/token/Dc5ujzP2wd1CGxQmjiw4Saz6dyLeYxk5xUC69DZQQCvH?chain=solana,Bruh,a9
2024-08-01 15:39:00 UTC,3350140.3476935853,2024-08-01 20:13:00 UTC,6150613.626908296,0 days 04:34:00,83.59271518707284,https://birdeye.so/token/FHy449nKbXxpxiHNnRuywQoAcrUyJG4XaUwWKHu8Fr6o?chain=solana,wallahi im finished,a9
2024-08-01 21:12:00 UTC,2809784.936443447,2024-08-01 22:42:00 UTC,5156156.925517108,0 days 01:30:00,83.50717375699358,https://birdeye.so/token/37njNvvNdyv1FdqLrNtu97hj7CHapsoshv2bHgYj5isE?chain=solana,Ito-chan,a8
2024-08-01 10:13:00 UTC,6874814.807931957,2024-08-01 20:26:00 UTC,12559662.0701283,0 days 10:13:00,82.69091489762509,https://birdeye.so/token/4N5gurvibpsTonk9Qst9FegjuxDkrgstAqTxhGfWuoHp?chain=solana,Ito,a9
2024-08-01 13:26:00 UTC,24641056.92862706,2024-08-01 23:28:00 UTC,44709917.07404049,0 days 10:02:00,81.44480248368802,https://birdeye.so/token/HNKQfnVE7NoKeMK82QNbHLUeVViqhHvzFKhxpCKRYWvQ?chain=solana,FLUFFY,a7
2024-08-01 21:12:00 UTC,1.1379530216298008e-08,2024-08-01 23:43:00 UTC,2.0542612943629683e-08,0 days 02:31:00,80.52250447218032,https://birdeye.so/token/2BMJTiM9gq9C8pyCMXnB3JxnduNVaknbufBdF5Lu79XY?chain=solana,Post Traumatic Solana Disorder,a9
2024-08-01 19:11:00 UTC,17140136.01688703,2024-08-01 23:19:00 UTC,30620507.827329203,0 days 04:08:00,78.64798620711564,https://birdeye.so/token/CAeEj7guxpYEV55AGNQxGod13hrSTAs3isMofD3Nvac3?chain=solana,transem,a6
2024-08-01 10:12:00 UTC,1728112.259464,2024-08-01 13:08:00 UTC,3022987.04844358,0 days 02:56:00,74.93001579545562,https://birdeye.so/token/7c6YXuuS93pb84N3w7Q9zMcgStuoK79gvuQor7LnAeic?chain=solana,SENDOR,a9
2024-08-01 20:30:00 UTC,1.97745869189653e-07,2024-08-01 22:48:00 UTC,3.4545344e-07,0 days 02:18:00,74.6956542837739,https://birdeye.so/token/8JEUZ7o42e2ztfYSZioaqJA1hHrrLDgD7mrMrfzAYRrN?chain=solana,INDIAN SCAM CENTER,a9
2024-08-01 17:13:00 UTC,23831549.437245417,2024-08-01 21:15:00 UTC,41453839.21496897,0 days 04:02:00,73.94521209847292,https://birdeye.so/token/72fU6K97BezkeR4LqRDvnGZehVeWYHmFQQkC6nY8kYhv?chain=solana,Its Over Cat,a7
2024-08-01 20:49:00 UTC,7296411.837237977,2024-08-01 22:58:00 UTC,12669214.84992101,0 days 02:09:00,73.6362356256042,https://birdeye.so/token/CBKQssgTkH8BSEL546zpnV5kVAfJoE3VkDPoobVN7wnf?chain=solana,Lifes Fucking Good,a9
2024-08-01 21:05:00 UTC,3074613.5095336703,2024-08-01 22:01:00 UTC,5309206.875054572,0 days 00:56:00,72.67883779837501,https://birdeye.so/token/9gxe1Bn1Ks2oxnNsDRPhS4c9m416SMCN77D8T9WvYXa4?chain=solana,Hot Girl Summer,a9
2024-08-01 18:18:00 UTC,7446582.0036988035,2024-08-01 18:50:00 UTC,12456543.977884075,0 days 00:32:00,67.27867861653529,https://birdeye.so/token/9cKFiScv1mKZh5uS9L9Gi7a4pANFhEr7y9WDXZ4ESe1w?chain=solana,The Contract Address is Pepe,a9
2024-08-01 18:03:00 UTC,3095660.338110785,2024-08-01 22:03:00 UTC,5145434.25457,0 days 04:00:00,66.21443222385787,https://birdeye.so/token/9egc8KNrxSzGUjJaDdhTsjT1FDUZ5ahsqSLMtjJjd8ia?chain=solana,Cumala Whoris,a9
2024-08-01 01:20:00 UTC,4832206.42726126,2024-08-01 04:52:00 UTC,8008556.704428552,0 days 03:32:00,65.73291776708191,https://birdeye.so/token/BdFBT2ARJipCgktsMuc4QPva9tpcbdToSEAusYFj8Cqs?chain=solana,Mestre Ensinador,a9
2024-08-01 12:39:00 UTC,1.519510097458278e-10,2024-08-01 18:15:00 UTC,2.5142675353650693e-10,0 days 05:36:00,65.46566814993507,https://birdeye.so/token/3GvTiwA7q32FYHtWMSQYFgrQAMnMHUboxTzyoq7AXL2S?chain=solana,BlackTrumpCoin777,a7
2024-08-01 17:04:00 UTC,4474444.657168727,2024-08-02 00:00:00 UTC,7324588.646017362,0 days 06:56:00,63.69827335515882,https://birdeye.so/token/GHSWhVqxU7aqetjeoDNmKCdg1FWeLEC2koHjxnJ6sLxS?chain=solana,KAMALA HARRIS,a8
2024-08-01 15:49:00 UTC,2161466.532595992,2024-08-01 16:53:00 UTC,3515113.888166667,0 days 01:04:00,62.62633888413253,https://birdeye.so/token/2evfqYPBSwHtHCzLJXpjRKcrwtQje7Tkc1U8GXE2o36B?chain=solana,Fat Niggas on Sol,a9
2024-08-01 14:32:00 UTC,2.3167543863583726e-08,2024-08-01 14:39:00 UTC,3.743105396879148e-08,0 days 00:07:00,61.5667771654814,https://birdeye.so/token/Ei88MuEyqfjvnUFVLwkXsR7JvTzv4JMzkx7MuD749ZgL?chain=solana,Pepe Cat,a7
2024-08-01 14:56:00 UTC,4006623.99605,2024-08-01 23:31:00 UTC,6470266.271799602,0 days 08:35:00,61.489230788275265,https://birdeye.so/token/FQ9ZVBemSNdpjZxXkTsoR5JMetkXrSNPHvbKAkCUmxpg?chain=solana,Beta Male,a9
2024-08-01 17:59:00 UTC,1.1171916590257988e-08,2024-08-01 18:01:00 UTC,1.7774114850477805e-08,0 days 00:02:00,59.096379809861745,https://birdeye.so/token/5WTSjVA6p4zBJ3xqvDtGRVwNifpE6deETn6Nu85YrbUP?chain=solana,Wull Stret Bit,a7
2024-08-01 09:18:00 UTC,24269811.1336,2024-08-01 20:42:00 UTC,38027051.90761593,0 days 11:24:00,56.684581096594975,https://birdeye.so/token/Cw6pSw1T7etBKx6BGbC4A7cf6B5Ka9Wo27fQKdrHZTPh?chain=solana,Boden Died,a7
2024-08-01 11:15:00 UTC,3596853.2895610216,2024-08-01 11:27:00 UTC,5604876.675682402,0 days 00:12:00,55.82722520123833,https://birdeye.so/token/FHg8uSu5gKL6ECmsXD25Ui8AsPyGk3XTegnZCDvutert?chain=solana,cig,a2
2024-08-01 12:14:00 UTC,4069054.6625699997,2024-08-01 16:03:00 UTC,6296485.392112936,0 days 03:49:00,54.74074236535568,https://birdeye.so/token/BAUP5HgcCt61U9HLnXSYGajTaSdpie7FjHd4jEBUaR7N?chain=solana,Kukuli Coin,a9
2024-08-01 15:44:00 UTC,10469373.215968,2024-08-01 20:23:00 UTC,16177176.502967283,0 days 04:39:00,54.51905447685904,https://birdeye.so/token/14VNsXqYmU8daDqAciyoG4NM3sUWjBDoteLjRLzmoEDp?chain=solana,Kabosus Father,a6
2024-08-01 01:16:00 UTC,8820844.527118728,2024-08-01 04:29:00 UTC,13527600.3962,0 days 03:13:00,53.35946977198003,https://birdeye.so/token/Fn6NuHbopNUixijUczjDxR15Lga47gtrTeVDhQ8JkSsM?chain=solana,WTF IS A KILOMETER,a9
2024-08-01 17:40:00 UTC,2614896.583380425,2024-08-01 21:01:00 UTC,3944923.544684882,0 days 03:21:00,50.863463196125934,https://birdeye.so/token/2g9LKuqSvfkEzEEtqokMT48bLC9VgWrPRyC8Zhsg4oC8?chain=solana,ITO,a9
2024-08-01 02:16:00 UTC,2891860.7589603923,2024-08-01 06:17:00 UTC,4331242.3605040405,0 days 04:01:00,49.77354449323825,https://birdeye.so/token/2Kf71RGyomJ9asv4PRwtbpkznM9yTGRYFJGu3zCBBjwb?chain=solana,talk to you later,a2
2024-08-01 22:28:00 UTC,25538474.50006,2024-08-01 23:58:00 UTC,37354625.8544792,0 days 01:30:00,46.26803904983221,https://birdeye.so/token/Fz4qGw9prQyVadeqP9BS71JX4GdmR97zKTGqTWeDJSgR?chain=solana,Barneys Ballsack,a7
2024-08-01 23:25:00 UTC,14526950.296599913,2024-08-01 23:59:00 UTC,21179470.973639235,0 days 00:34:00,45.7943377048407,https://birdeye.so/token/4ZqLSLeGXV9Ntp2FNm3LMwCBLaR7dCoCRXJxEFQZLFea?chain=solana,FAGRID,a9
2024-08-01 02:50:00 UTC,3954129.0276433877,2024-08-01 18:46:00 UTC,5734661.623568951,0 days 15:56:00,45.029703974701576,https://birdeye.so/token/7etNgG8tfe7PBcFRUbKo882eDjtcSQtpGKhW9Ah25qmL?chain=solana,Blessed,a9
2024-08-01 08:53:00 UTC,2213248.212022992,2024-08-01 16:49:00 UTC,3207822.8465049067,0 days 07:56:00,44.93732917433767,https://birdeye.so/token/DfnW6ZewagGTPUM7BGqEoaJEBNqyhcwA8KUEMay5ayZo?chain=solana,Biden Dead,a4
2024-08-01 21:58:00 UTC,11742713.537124192,2024-08-01 23:59:00 UTC,16968265.126800414,0 days 02:01:00,44.50037525956685,https://birdeye.so/token/AqV9wkpAmE5zar9oEis3aEcfF9y8CCQz41DJMHFkLJ9q?chain=solana,‚àû,a1
2024-08-01 16:30:00 UTC,28139932.70996573,2024-08-01 20:49:00 UTC,40455364.42986119,0 days 04:19:00,43.76496506522904,https://birdeye.so/token/3JUnvKnYk5G6GTtbJEvM8efsmSpQpao6GKdjPTN5vvNQ?chain=solana,ITS OVER,a7
2024-08-01 08:40:00 UTC,16926428.59197,2024-08-01 16:42:00 UTC,23869017.396792367,0 days 08:02:00,41.016264991162835,https://birdeye.so/token/BP2Tz21VmnBiXi9yqBvAjwgHFd6NJza3cHxpLts8mFvE?chain=solana,fwog,a9
2024-08-01 00:20:00 UTC,1.7133014330551586e-06,2024-08-01 07:50:00 UTC,2.4132685562443196e-06,0 days 07:30:00,40.85487291871226,https://birdeye.so/token/EPwYSyG2riVvVWTjRS1rqpX9UZ95G6KYe3bjwqkH57jU?chain=solana,Iran Vs Israel,a9
2024-08-01 20:26:00 UTC,7068275.277120748,2024-08-01 23:58:00 UTC,9912901.421312809,0 days 03:32:00,40.244982441470725,https://birdeye.so/token/5vq6LgDSipw57ydgF2d5q7gPj1tsZKCnAjGi4cRx8Rph?chain=solana,is this a good,a9
2024-08-01 15:05:00 UTC,3618795.3669375717,2024-08-01 20:42:00 UTC,5044943.859075895,0 days 05:37:00,39.40948154095848,https://birdeye.so/token/CfSE28nKDYFASvwqRWAoca7T6k8oA3nQPYCykoHA6TV4?chain=solana,Chief Troll Officer,a9
2024-08-01 02:48:00 UTC,12634796.404035,2024-08-01 16:12:00 UTC,17562844.13404,0 days 13:24:00,39.003776336524105,https://birdeye.so/token/4xnPtpnUmRs681u3iAcWmgXcYhz39RsVJA3zRbpCZNjy?chain=solana,NFA,a6
2024-08-01 16:09:00 UTC,2986150.2256226838,2024-08-01 23:54:00 UTC,4145950.5303012435,0 days 07:45:00,38.83931540774087,https://birdeye.so/token/AY7f5FqD4zrwGKPawTU2rUvibxCGqKtxAgdvKV2AV9qo?chain=solana,wizard cat,a8
2024-08-01 20:28:00 UTC,12222954.97940027,2024-08-01 23:50:00 UTC,16856223.173633605,0 days 03:22:00,37.9062853625979,https://birdeye.so/token/GKxVTVF53aAvuALBQfzzJD7xQBJML3nh2Jjdi1zYdsJT?chain=solana,Jewish Pussy,a8
2024-08-01 22:25:00 UTC,0.0001660024174677574,2024-08-01 22:27:00 UTC,0.00022771010173163004,0 days 00:02:00,37.17276242429306,https://birdeye.so/token/AL5TSmLHR7aJYuzVRygbmqvP6pkhE8vomUGzMqzdxevX?chain=solana,Onigiri Cat,a9
2024-08-01 16:58:00 UTC,11377031.481906269,2024-08-01 19:49:00 UTC,15531759.577819012,0 days 02:51:00,36.5185602458806,https://birdeye.so/token/2CcpnzRm9VpxZgn4Axi33A3prigTmAtH9n3VxutD1evi?chain=solana,PredatorFi,a8
2024-08-01 19:14:00 UTC,2577658.007090415,2024-08-01 19:18:00 UTC,3498266.360722222,0 days 00:04:00,35.71491451152447,https://birdeye.so/token/5SCrnfejZTXzx3qbqZRpnQHQKGJA2aJWfwXLcmRKkXwa?chain=solana,all in,a9
2024-08-01 21:50:00 UTC,4.244406115122562e-08,2024-08-01 22:09:00 UTC,5.720981146220093e-08,0 days 00:19:00,34.7887311215716,https://birdeye.so/token/EiLJeGmQMFTXMLyuv7Grw3baPogvxBpbuszqb67u7inH?chain=solana,Ken,a6
2024-08-01 08:44:00 UTC,2021672.932985,2024-08-01 22:24:00 UTC,2649963.0587363187,0 days 13:40:00,31.077733470153763,https://birdeye.so/token/7KcNUkeTvMcSU944YuufRLgPkTBW3dERo8JRTTcnGVRr?chain=solana,The Coon Tribe,a9
2024-08-01 16:19:00 UTC,1.4086750537498226e-06,2024-08-01 17:35:00 UTC,1.8363361724663433e-06,0 days 01:16:00,30.359103583051912,https://birdeye.so/token/GS3Avp6MPfqjchQDgn3RfinVuiRp2H92vggp2k9rMCM7?chain=solana,Palworld,a5
2024-08-01 23:07:00 UTC,2984976.1061299997,2024-08-01 23:52:00 UTC,3864856.723931333,0 days 00:45:00,29.476973567540288,https://birdeye.so/token/8Ze1f4CyG4T2kphWYRYJNWnf33uzuMQ8uFkvB9X6XT4k?chain=solana,Euphoria,a9
2024-08-01 18:46:00 UTC,6856955.3506721165,2024-08-01 20:09:00 UTC,8872260.534706103,0 days 01:23:00,29.390670946055476,https://birdeye.so/token/6tDzPH2goD4UcxPDrP9G3D9d8JmkxZMUowcxRzHd5Wkv?chain=solana,Please Save Me Donald Trump,a9
2024-08-01 06:06:00 UTC,2527499.140998301,2024-08-01 06:16:00 UTC,3265306.529446,0 days 00:10:00,29.19120234226005,https://birdeye.so/token/98usybG9u4df4dCzMRjwPdVHxo9CYZzUQiEaCMnoZ3rf?chain=solana,cat poop joystick,a2
2024-08-01 03:10:00 UTC,2480272.10166458,2024-08-01 04:15:00 UTC,3154166.537420974,0 days 01:05:00,27.17018166289597,https://birdeye.so/token/5Xu9XVHstmBhhVfzV9ZezeVCtCQgfWFdjpzRFTzZaaX1?chain=solana,sillybird,a8
2024-08-01 07:49:00 UTC,1.1342787675412384e-07,2024-08-01 14:44:00 UTC,1.4284294035207462e-07,0 days 06:55:00,25.932834537415733,https://birdeye.so/token/3ikWrWHsAg8Cx4ZHgDwU3VvwGCB8yFMu6GgMkS4LKqY7?chain=solana,chair,a5
2024-08-01 23:17:00 UTC,21447099.765758906,2024-08-01 23:46:00 UTC,26835371.41162359,0 days 00:29:00,25.123544463887193,https://birdeye.so/token/3w1ELAeLaXkjCyDD4FmTYUH7qxY36fnNgvKFrx3RgJv3?chain=solana,Shiddarth,a7
2024-08-01 20:08:00 UTC,3648167.3890326694,2024-08-01 20:14:00 UTC,4550686.770850432,0 days 00:06:00,24.738979481340916,https://birdeye.so/token/3RT4c2bMx6SD8jCDgrvpUgv3NMsoUF5wTXLPiCcToBn5?chain=solana,bro,a9
2024-08-01 09:41:00 UTC,1.941968738191807e-05,2024-08-01 09:47:00 UTC,2.4145500193099393e-05,0 days 00:06:00,24.335164198274327,https://birdeye.so/token/CUzoLYZxGvy2f36pUvD7uZ7jWTjZ7vZH7wPjV2kR1XVn?chain=solana,PlayStation One,a7
2024-08-01 15:44:00 UTC,8.613744510364806e-08,2024-08-01 19:16:00 UTC,1.0681845485816827e-07,0 days 03:32:00,24.009314102171274,https://birdeye.so/token/3DNstVVo2BEogVy7FqPTswiCUqLksaWg5TA4E3aPZbYX?chain=solana,wurld wor 3,a9
2024-08-01 15:29:00 UTC,4.4511552362412177e-08,2024-08-01 15:37:00 UTC,5.4912783224917016e-08,0 days 00:08:00,23.36748621530479,https://birdeye.so/token/GPeuFrcUhnfTirUXxcG8cJ7EmqCP1aevg8dFarUHsjaF?chain=solana,Dermophis Donaldtrumpi,a7
2024-08-01 17:53:00 UTC,3.207264138619732e-08,2024-08-01 17:54:00 UTC,3.952937824705658e-08,0 days 00:01:00,23.249525260704957,https://birdeye.so/token/EbjgTNHAbbzRLj8Dha4jwEf9Rq3kYsBY73uDXzQWQAWB?chain=solana,ÔΩéÔΩèÔΩéÔΩÉÔΩàÔΩÅÔΩåÔΩÅÔΩéÔΩî,a6
2024-08-01 20:33:00 UTC,6051655.419702911,2024-08-01 21:17:00 UTC,7417768.936204165,0 days 00:44:00,22.574211876860627,https://birdeye.so/token/4Zxr5Z6wmTTNDPSEbsGk94HVmjyvzAVVG2za2cVNhiG7?chain=solana,SUPREME LEADER OF IRAN,a9
2024-08-01 08:43:00 UTC,9.035844657447092e-08,2024-08-01 08:45:00 UTC,1.106372334009161e-07,0 days 00:02:00,22.442602319122386,https://birdeye.so/token/GXWBaGgs79dm5YqByVVfsiuumTBY4MeQxh2i5ZdSPb61?chain=solana,BABY FWOG,a2
2024-08-01 12:44:00 UTC,8.44287618186652e-07,2024-08-01 13:07:00 UTC,1.0336809341141818e-06,0 days 00:23:00,22.432321859025468,https://birdeye.so/token/7Mq4zpMQdnbBxKJc5fkkqAjFKeYAkujUdDLLr225W54C?chain=solana,TRIER,a9
2024-08-01 20:34:00 UTC,2197511.626719697,2024-08-02 00:00:00 UTC,2672264.022234544,0 days 03:26:00,21.60409026929823,https://birdeye.so/token/7y128JvWbnMESUNRxvpQXqZ52HSiwASazwM5EmiKiBp8?chain=solana,gas powered stick,a9
2024-08-01 16:08:00 UTC,3.5993008462747275e-07,2024-08-01 19:29:00 UTC,4.187246630421305e-07,0 days 03:21:00,16.334999747384302,https://birdeye.so/token/2A7wFnicRh7pGvAeKBmNN3veuHo6zP1ewnVD3Vjby4nW?chain=solana,MADURO,a8
2024-08-01 23:26:00 UTC,3.318457637450144e-07,2024-08-01 23:45:00 UTC,3.852761782463891e-07,0 days 00:19:00,16.100978327519,https://birdeye.so/token/HJSnuvQAZV82JqLBkuEdJKStKjvehJEBGEwXUjZ3YYGW?chain=solana,HarryPotterObamaSonic10Inu,a9
2024-08-01 17:03:00 UTC,13608088.275055503,2024-08-01 23:34:00 UTC,15726991.805263123,0 days 06:31:00,15.570912588006244,https://birdeye.so/token/E3Egyuc9YhDcqTGosjwJP5H54VQ4GPftM3iX6BDdC9A?chain=solana,gator,a9
2024-08-01 19:01:00 UTC,5224410.664169697,2024-08-01 21:11:00 UTC,6034307.164505054,0 days 02:10:00,15.50216000227218,https://birdeye.so/token/94X9NLLNPj4d3wkezQwuSLJUoiiKXgoer99ayw6L1sy7?chain=solana,GLAZING,a9
2024-08-01 15:11:00 UTC,4.921384477361234e-08,2024-08-01 15:27:00 UTC,5.6708876003753946e-08,0 days 00:16:00,15.229517759929864,https://birdeye.so/token/HSfMVy5DBwotQAvKRTe9C3x73TorZNYo48JRnRfsJ8gw?chain=solana,WHALE,a7
2024-08-01 11:42:00 UTC,27252773.37683725,2024-08-01 23:58:00 UTC,31260661.9620775,0 days 12:16:00,14.706351275964611,https://birdeye.so/token/6hVgDFb7fupmJfQ4oJpZJaZAQwVZ7F3PJfaTZwhYNKfh?chain=solana,The dog behind $WIF,a6
2024-08-01 19:56:00 UTC,4807445.585322849,2024-08-01 23:10:00 UTC,5503686.1719491,0 days 03:14:00,14.482547420856424,https://birdeye.so/token/Egrg9VUb8Ewie3XyuoijaKicZh26JB5V7Nh3Jn3nsD16?chain=solana,Make America Great Once Again,a9
2024-08-01 21:34:00 UTC,21627215.90907195,2024-08-01 23:29:00 UTC,24751064.33835357,0 days 01:55:00,14.444061789623436,https://birdeye.so/token/EXBYZPy5HJfghofDuXsmNSHoHN4bS2j5QPxERoZFgX6C?chain=solana,BAJA BLAST,a7
2024-08-01 23:14:00 UTC,2.0546227163785044e-08,2024-08-01 23:18:00 UTC,2.3388188359368363e-08,0 days 00:04:00,13.832034333741742,https://birdeye.so/token/BgbsMtYzj899DRtYu8yRy97PbKieBWnNW8JT5hBCStoj?chain=solana,Flash the Sloth,a7
2024-08-01 21:19:00 UTC,9910667.423872141,2024-08-01 23:50:00 UTC,11099733.944970252,0 days 02:31:00,11.997845051625568,https://birdeye.so/token/7Wes8sC1LrTRqKPtKxnppiFdxqP3dDD6Rccws4UUtKNz?chain=solana,„ÅÇ„Åä„Å∞,a9
2024-08-01 21:07:00 UTC,9118482.826034,2024-08-01 21:30:00 UTC,10145683.61921224,0 days 00:23:00,11.265040607912306,https://birdeye.so/token/mdcM9fjSxszoFK4bgMKVMJD9UuixxtLVKaFMu5ckN8v?chain=solana,Paypal On Sol,a9
2024-08-01 07:49:00 UTC,6.280578172440936e-08,2024-08-01 07:50:00 UTC,6.956320289418544e-08,0 days 00:01:00,10.759234236471276,https://birdeye.so/token/5dSwPYggqFNZTSWpbRaEendRHvsoTLsjdDR3DEU2iZxZ?chain=solana,Bitcoin Strategic Reserve,a7
2024-08-01 16:25:00 UTC,5382809.55146,2024-08-01 19:47:00 UTC,5936378.649982461,0 days 03:22:00,10.28401791351348,https://birdeye.so/token/FwvcwZngutubPDeUzNQ4DvrAUCkAz7kuyDUrhoksyK9n?chain=solana,Pikacat,a9
2024-08-01 19:22:00 UTC,21924010.93929798,2024-08-01 19:34:00 UTC,24132151.555660114,0 days 00:12:00,10.071791254236793,https://birdeye.so/token/CJp6Fahw1ZXnH4ydn9XiFbULkaUutjepMWJK5CRRGyn5?chain=solana,Doggy,a7
2024-08-01 01:46:00 UTC,14675039.947718978,2024-08-01 03:00:00 UTC,16075782.86425,0 days 01:14:00,9.545070551911838,https://birdeye.so/token/9WEkPL7vu1cRkafJ8oiexEm6QkGZGodLVGU2psSeLMWb?chain=solana,chandi,a7
2024-08-01 06:23:00 UTC,2678581.9042357793,2024-08-01 06:29:00 UTC,2923316.8058063784,0 days 00:06:00,9.13673392564876,https://birdeye.so/token/B4pTm6PctZBMx3UYW2Z1dRFEMjMNjAK5asjuka3YZbRx?chain=solana,cool turkish hitman,a8
2024-08-01 19:33:00 UTC,3.022268217840498e-06,2024-08-01 23:57:00 UTC,3.293927132048959e-06,0 days 04:24:00,8.988577274672508,https://birdeye.so/token/AdjnPn4dPZvjUtJnSogctfFZPc9hw24H1bo2zzotzZqy?chain=solana,Wojak AI,a7
2024-08-01 18:42:00 UTC,9.204432376572328e-08,2024-08-01 18:56:00 UTC,9.820781035067547e-08,0 days 00:14:00,6.696215836882953,https://birdeye.so/token/7VoCV3FEWiJ5VBwHyGC5AZuTbogEAQE5R2GaNoZrviFX?chain=solana,Big Tiddy Goth GF,a7
2024-08-01 22:24:00 UTC,12612023.61223105,2024-08-01 23:51:00 UTC,13428997.232957637,0 days 01:27:00,6.477736213039533,https://birdeye.so/token/9tR7ZmJz6jdHRbNsGhaNdpXMMHTeEJFEtA2TtxVu8biV?chain=solana,harrypotter,a9
2024-08-01 22:17:00 UTC,2.8156657309393596e-08,2024-08-01 23:07:00 UTC,2.996392780761132e-08,0 days 00:50:00,6.418625898518098,https://birdeye.so/token/8o3ZbfaxmSMJaVA9s1asEeLsvrSauQ3u18sTxFW8TQuk?chain=solana,PAPER HANDS BRAD,a7
2024-08-01 15:05:00 UTC,7.080016656837371e-08,2024-08-01 19:24:00 UTC,7.489602898448673e-08,0 days 04:19:00,5.785102796555618,https://birdeye.so/token/6e45VgL43HkV7S3wgXi1VndZchhnbkVaQooF1k6VsDRQ?chain=solana,LEBANON,a7
2024-08-01 23:48:00 UTC,4.753314442010322e-08,2024-08-01 23:52:00 UTC,5.0110812986437535e-08,0 days 00:04:00,5.422886698916006,https://birdeye.so/token/Dr7Q7Jq7vvhER2yVuxvEX7XvnxF95R7WgWopGELSAgPq?chain=solana,Ski Squirrel,a7
2024-08-01 23:52:00 UTC,3132280.282828283,2024-08-01 23:58:00 UTC,3293000.6653636326,0 days 00:06:00,5.131098369978168,https://birdeye.so/token/4obTPoAz8aoSgURySZfFGr4yMy3xMtxhzeJck8ypgDbB?chain=solana,bamby,a2
2024-08-01 22:52:00 UTC,3586205.6976137934,2024-08-01 23:28:00 UTC,3756789.5818401347,0 days 00:36:00,4.756667592710735,https://birdeye.so/token/GHPoYWLepNy9drSVfmNCZpMPHwxQ12T3QUhMj7xcGC5k?chain=solana,bruno,a8
2024-08-01 17:32:00 UTC,5.565456179953782e-10,2024-08-01 17:39:00 UTC,5.81827564417438e-10,0 days 00:07:00,4.542654834499088,https://birdeye.so/token/2tL8ojKuJBJQCCGuRkgD9G3UkhPuSU9JvBExPEJQBByu?chain=solana,nunucoin,a6
2024-08-01 20:46:00 UTC,4.905795609436972e-08,2024-08-01 22:36:00 UTC,5.0554495548719987e-08,0 days 01:50:00,3.050554025266494,https://birdeye.so/token/ETkxAjbAYpkLawUsFAt7aRsEfwhFyhPnWafmyfzTeHky?chain=solana,Israel Really Annoyed Now,a7
2024-08-01 13:57:00 UTC,15084882.827297904,2024-08-01 15:35:00 UTC,15486185.42264534,0 days 01:38:00,2.6602964036368317,https://birdeye.so/token/HXa1pdSWrdMYMMW7niVLkA4TQvDZ8TKRqmdJtdN2nMrY?chain=solana,I sexually Id As Helicopter üöÅ,a6
2024-08-01 02:24:00 UTC,1.1695137381368471e-07,2024-08-01 02:26:00 UTC,1.1981900075878077e-07,0 days 00:02:00,2.451982265436639,https://birdeye.so/token/9jBAsJSX2Jy4ybhNn4ZhTGg7p5uihBHF3QBzUpkZc8dz?chain=solana,Barbie Dogs,a9
2024-08-01 23:15:00 UTC,2806389.1235651025,2024-08-01 23:17:00 UTC,2866884.1654606853,0 days 00:02:00,2.1556184560298184,https://birdeye.so/token/2ukrtVtNAjDWo8Y7dexfpvAyPVHRQTA6GVoSuXnxdrJW?chain=solana,DAWG IN ME,a3
2024-08-01 18:06:00 UTC,6.277751581233327e-10,2024-08-01 18:11:00 UTC,6.399429886773754e-10,0 days 00:05:00,1.938246583445121,https://birdeye.so/token/C6ZDZb6wn5SF2e1k6WgeADmQebRKMPobh8vjYHsY4Usp?chain=solana,BURN,a7
2024-08-01 15:39:00 UTC,9166421.003618,2024-08-01 15:57:00 UTC,9342210.383595293,0 days 00:18:00,1.9177537220678493,https://birdeye.so/token/FzJCXQ6svUbNBBNCF1qT9HHVH1Vjte3FnUpJCQR8JK9x?chain=solana,THE MISSOOOOOOR,a9
2024-08-01 00:52:00 UTC,6.399603757753447e-08,2024-08-01 00:59:00 UTC,6.510308251753679e-08,0 days 00:07:00,1.7298648196164872,https://birdeye.so/token/HAMzUD2rAJHHGATtQkENobMAQsiDdxqC1xGH47UXC8at?chain=solana,Jack,a1
2024-08-01 13:09:00 UTC,46027902.997843854,2024-08-01 14:22:00 UTC,46505719.07667603,0 days 01:13:00,1.0381009077353847,https://birdeye.so/token/GMauMPkfKNuhnF41Mw8iXMVi2JF72UmP6uEqiCyEMq7J?chain=solana,Neuralink CAT,a5
2024-08-01 21:32:00 UTC,1.91465608e-15,2024-08-01 21:33:00 UTC,1.9274483495998117e-15,0 days 00:01:00,0.6681236245734322,https://birdeye.so/token/CW5WMVkhWWCjyckQgwYDxmrMWm8sKsW9vL6LPxH7sShK?chain=solana,FIGHT MAGA,a9
2024-08-01 08:47:00 UTC,1.847845803326263e-08,2024-08-01 08:49:00 UTC,1.856658126233665e-08,0 days 00:02:00,0.47689709236232636,https://birdeye.so/token/HdiELVQCJxU7YdPPYB1uHWLPhzLL3J3xHNa7dNCA1LX4?chain=solana,Cat Takeover,a7
2024-08-01 23:59:00 UTC,4862285.283934281,2024-08-01 23:59:00 UTC,4862285.283934281,0 days 00:00:00,0.0,https://birdeye.so/token/9BtMyfP6bNDDc9e3YFSF4MGxm9wbmYPKhZXVNHWR7g51?chain=solana,jotchua,a9
2024-08-01 23:57:00 UTC,2170098.417859037,2024-08-01 23:57:00 UTC,2170098.417859037,0 days 00:00:00,0.0,https://birdeye.so/token/4Ft2yxBCc1bVniLv4KdWdmAVbn2TFwLtr1iWunKKxeS5?chain=solana,Sacred Milk Jug,a9
2024-08-01 23:52:00 UTC,20700854.513432465,2024-08-01 23:52:00 UTC,20700854.513432465,0 days 00:00:00,0.0,https://birdeye.so/token/DxBhk8UeGZDP923Q9D9hsxFvnmWUXdPkmGxbcrfY9431?chain=solana,PS1 Lara Croft,a7
2024-08-01 23:32:00 UTC,6.137775490717458e-07,2024-08-01 23:32:00 UTC,6.137775490717458e-07,0 days 00:00:00,0.0,https://birdeye.so/token/4TZPFNfFRhocNxXXFdbXGJ5LxuDECTyngCjhB5UZaiSK?chain=solana,Book of Harry Potter,a7
2024-08-01 23:10:00 UTC,176968.39179999998,2024-08-01 23:10:00 UTC,176968.39179999998,0 days 00:00:00,0.0,https://birdeye.so/token/7xrpFhh7SCVhZVtxz1ZLiG3RPJPjCLZm7bwGzAzxBhij?chain=solana,144p dog,a11
2024-08-01 22:48:00 UTC,2294120.861444536,2024-08-01 22:48:00 UTC,2294120.861444536,0 days 00:00:00,0.0,https://birdeye.so/token/BKUmLsirWV9oxikw2gXiPYqqh8NxJRPpke47amoRW86k?chain=solana,Goose,a9
2024-08-01 20:36:00 UTC,2851186.939459,2024-08-01 20:36:00 UTC,2851186.939459,0 days 00:00:00,0.0,https://birdeye.so/token/4eYAQstdAwthKyzUmr3hb7RPMKPmDUvpK6DQnQJEsYZk?chain=solana,Hufflepuff,a2
2024-08-01 21:40:00 UTC,6.964585331551454e-07,2024-08-01 21:40:00 UTC,6.964585331551454e-07,0 days 00:00:00,0.0,https://birdeye.so/token/6X1HD7eKQ54DyNqwj4vXusoVwJCwS69PnLB8i6T8ZVRQ?chain=solana,"Rocky, Papery, Scissory",a10
2024-08-01 19:33:00 UTC,3.08748395775595e-08,2024-08-01 19:33:00 UTC,3.08748395775595e-08,0 days 00:00:00,0.0,https://birdeye.so/token/8ajKbS9Xw81w6NNuManpWTqwq98miLvThF6GuRHbqtnR?chain=solana,IRAN,a7
2024-08-01 17:28:00 UTC,8.596199131008623e-08,2024-08-01 17:28:00 UTC,8.596199131008623e-08,0 days 00:00:00,0.0,https://birdeye.so/token/4xqvSy1ci6tfBrWEejpXzGbtTaXMUZHJyFcRUYtPSXfR?chain=solana,That Feel When,a9
2024-08-01 20:02:00 UTC,2119124.4884837847,2024-08-01 20:02:00 UTC,2119124.4884837847,0 days 00:00:00,0.0,https://birdeye.so/token/9D4wZzoSyanV4tL6ZSZc58MHfSzdQwXMfypzJHKvR1kc?chain=solana,Gryffindor,a2
2024-08-01 19:44:00 UTC,7435350.399247008,2024-08-01 19:44:00 UTC,7435350.399247008,0 days 00:00:00,0.0,https://birdeye.so/token/4feob998egBqBz6A4fMLxk5DrPJYzMG72bjPToB2yEdv?chain=solana,Uncle Ruckus,a9
2024-08-01 19:36:00 UTC,5.319239700000001e-07,2024-08-01 19:36:00 UTC,5.319239700000001e-07,0 days 00:00:00,0.0,https://birdeye.so/token/8AbCeKUNsvs4qS8QR76Fnu2ncfd52kyDJr5kctLTFXq1?chain=solana,Skippy,a9
2024-08-01 18:57:00 UTC,1.0860135885444906,2024-08-01 18:57:00 UTC,1.0860135885444906,0 days 00:00:00,0.0,https://birdeye.so/token/7S4P9rRRY9o9Mj4rhPZDJfXogurNBsEb9DkFx8CQZ9hU?chain=solana,SLOMO,a9
2024-08-01 14:48:00 UTC,684834.3394915705,2024-08-01 14:48:00 UTC,684834.3394915705,0 days 00:00:00,0.0,https://birdeye.so/token/BGH7QTtgYbN2fMe5tpAncmfxe3wfumdCLfPB5Rksj7xz?chain=solana,Rhett,a9
2024-08-01 13:51:00 UTC,11008221.847041428,2024-08-01 13:51:00 UTC,11008221.847041428,0 days 00:00:00,0.0,https://birdeye.so/token/68iE66xEN1jqLCXCvNujUfbwsiCadh1nTUZ6uJDTCfus?chain=solana,Kamule,a9
2024-08-01 13:24:00 UTC,2811742.2607189706,2024-08-01 13:24:00 UTC,2811742.2607189706,0 days 00:00:00,0.0,https://birdeye.so/token/CuDuvotmGDQ4whCnPbEht8gp4Pxtmx7Gcm4XwtGYHH7r?chain=solana,Scribbly,a9
2024-08-01 13:04:00 UTC,2.7287076962278953e-06,2024-08-01 13:04:00 UTC,2.7287076962278953e-06,0 days 00:00:00,0.0,https://birdeye.so/token/A2Lk366PxJnBAuPQsi8Ui8jTjrwpFGVz5MNZ4DTueiWU?chain=solana,TOP JEW,a7
2024-08-01 08:47:00 UTC,2.3450411472902298e-07,2024-08-01 08:47:00 UTC,2.3450411472902298e-07,0 days 00:00:00,0.0,https://birdeye.so/token/2PnqRg8aEvqhFzdtzRvka4Ftmq58XxdF3WK1Yozn4Ybn?chain=solana,FLYCAT,a2
2024-08-01 07:39:00 UTC,2.6025324894201916e-07,2024-08-01 07:39:00 UTC,2.6025324894201916e-07,0 days 00:00:00,0.0,https://birdeye.so/token/3qzYM986bjVMchEACPsEmFHCx5ThH8eDWTXif3t6zh3z?chain=solana,IYKYK,a9
2024-08-01 00:58:00 UTC,2.645235609095635e-07,2024-08-01 00:58:00 UTC,2.645235609095635e-07,0 days 00:00:00,0.0,https://birdeye.so/token/CiuoL6xtyBZ8oGSgtWcDoYQUQxNsLbLvvuBmixN8Z5Us?chain=solana,Pepe Silver,a7
2024-08-01 00:26:00 UTC,3.0189388348543395e-08,2024-08-01 00:26:00 UTC,3.0189388348543395e-08,0 days 00:00:00,0.0,https://birdeye.so/token/9RAQjQHwdyEMcDTyzcchZQcaqGSDZTazpUwfo5p9LMhg?chain=solana,table,a7
